NC LIVE resource usage report,,,,,,,,,,,,,,,,,,,,,,,,,,,,,,,,,,,,,,,,,,,,,,,,,,,,,,,,,
,,,,,,,,,,,,,,,,,,,,,,,,,,,,,,,,,,,,,,,,,,,,,,,,,,,,,,,,,
,,,,,,,,,,,,,,,,,,,,,,,,,,,,,,,,,,,,,,,,,,,,,,,,,,,,,,,,,
Source,Vendor,20-Jan,20-Jan,20-Jan,20-Jan,20-Feb,20-Feb,20-Feb,20-Feb,20-Mar,20-Mar,20-Mar,20-Mar,20-Apr,20-Apr,20-Apr,20-Apr,20-May,20-May,20-May,20-May,20-Jun,20-Jun,20-Jun,20-Jun,20-Jul,20-Jul,20-Jul,20-Jul,20-Aug,20-Aug,20-Aug,20-Aug,20-Sep,20-Sep,20-Sep,20-Sep,20-Oct,20-Oct,20-Oct,20-Oct,20-Nov,20-Nov,20-Nov,20-Nov,20-Dec,20-Dec,20-Dec,20-Dec,21-Jan,21-Jan,21-Jan,21-Jan,Totals,Totals,Totals,Totals
Source,Vendor,Sessions,Searches,FT-Views,AbsPlusViews,Sessions,Searches,FT-Views,AbsPlusViews,Sessions,Searches,FT-Views,AbsPlusViews,Sessions,Searches,FT-Views,AbsPlusViews,Sessions,Searches,FT-Views,AbsPlusViews,Sessions,Searches,FT-Views,AbsPlusViews,Sessions,Searches,FT-Views,AbsPlusViews,Sessions,Searches,FT-Views,AbsPlusViews,Sessions,Searches,FT-Views,AbsPlusViews,Sessions,Searches,FT-Views,AbsPlusViews,Sessions,Searches,FT-Views,AbsPlusViews,Sessions,Searches,FT-Views,AbsPlusViews,Sessions,Searches,FT-Views,AbsPlusViews,Sessions,Searches,FT-Views,AbsPlusViews
ABI/INFORM Collection,ProQuest Company,0,577,0,0,0,"2,216",0,0,0,"1,716",0,0,0,"1,556",0,0,0,328,0,0,0,458,0,0,0,381,0,0,0,291,0,0,0,828,0,0,0,"1,551",0,0,0,"1,645",0,0,0,399,0,0,0,181,0,0,0,"12,127",0,0
"Accounting, Tax & Banking Collection",ProQuest Company,0,563,0,0,0,"2,195",0,0,0,"1,711",0,0,0,"1,555",0,0,0,327,0,0,0,458,0,0,0,384,0,0,0,277,0,0,0,823,0,0,0,"1,543",0,0,0,"1,636",0,0,0,399,0,0,0,181,0,0,0,"12,052",0,0
Advanced Technologies & Aerospace Database,ProQuest Company,0,562,7,7,0,"2,191",53,65,0,"1,711",49,51,0,"1,556",37,41,0,327,0,1,0,458,3,3,0,377,1,2,0,277,1,1,0,826,5,6,0,"1,534",63,72,0,"1,634",34,40,0,399,11,11,0,181,0,0,0,"12,033",264,300
African American Poetry,ProQuest Company,0,0,0,0,0,0,0,0,0,0,0,0,0,405,0,0,0,113,0,0,0,117,0,0,0,114,0,0,0,65,0,0,0,201,0,0,0,368,0,0,0,458,0,0,0,88,0,0,0,36,1,1,0,"1,965",1,1
Agricultural & Environmental Science Collection,ProQuest Company,0,138,0,0,0,382,0,0,0,405,0,0,0,405,0,0,0,113,0,0,0,117,0,0,0,114,0,0,0,67,0,0,0,212,0,0,0,379,0,0,0,469,0,0,0,88,0,0,0,36,0,0,0,"2,925",0,0
American Poetry,ProQuest Company,0,0,0,0,0,0,0,0,0,0,0,0,0,405,0,0,0,113,0,0,0,117,0,0,0,114,0,0,0,65,0,0,0,204,1,2,0,375,2,4,0,454,0,0,0,88,0,0,0,35,0,0,0,"1,970",3,6
Arts & Humanities Database,ProQuest Company,0,563,29,29,0,"2,203",163,180,0,"1,714",125,138,0,"1,562",174,184,0,327,22,26,0,460,67,77,0,377,30,30,0,277,4,4,0,838,144,155,0,"1,565",147,157,0,"1,636",96,108,0,399,23,27,0,181,9,9,0,"12,102","1,033","1,124"
Asian & European Business Collection,ProQuest Company,0,566,0,0,0,"2,187",0,0,0,"1,711",0,0,0,"1,555",0,0,0,327,0,0,0,458,0,0,0,377,0,0,0,277,0,0,0,823,0,0,0,"1,532",0,0,0,"1,634",0,0,0,399,0,0,0,181,0,0,0,"12,027",0,0
Australia & New Zealand Database,ProQuest Company,0,562,2,2,0,"2,187",13,15,0,"1,711",3,3,0,"1,555",5,5,0,327,0,0,0,458,7,7,0,377,1,1,0,277,0,0,0,823,8,8,0,"1,532",1,1,0,"1,634",7,7,0,399,0,0,0,181,0,0,0,"12,023",47,49
Auto Repair Source,EBSCOhost,0,0,0,0,0,0,0,0,1,0,0,0,0,0,0,0,0,0,0,0,0,0,0,0,0,0,0,0,0,0,0,0,0,0,0,0,0,0,0,0,0,0,0,0,0,0,0,0,0,0,0,0,1,0,0,0
Biography Reference Bank,EBSCOhost,14,36,22,58,70,88,187,447,5,10,15,48,3,5,1,3,0,0,0,0,2,2,4,13,0,0,0,0,2,1,0,2,14,27,12,52,16,30,22,69,9,14,13,33,0,0,0,0,0,0,0,0,135,213,276,725
Biography Reference Center,EBSCOhost,12,43,36,86,71,163,167,389,5,10,12,30,1,5,0,0,0,0,0,0,6,21,5,12,2,0,0,0,0,0,0,0,20,90,39,98,88,312,166,419,22,26,20,46,1,1,1,2,0,0,0,0,228,671,446,"1,082"
Biological Science Database,ProQuest Company,0,566,3,4,0,"2,192",6,7,0,"1,716",15,19,0,"1,576",26,33,0,327,5,5,0,458,2,3,0,377,1,1,0,277,1,1,0,826,6,6,0,"1,535",10,13,0,"1,635",13,17,0,399,4,5,0,185,2,2,0,"12,069",94,116
Business Market Research Collection,ProQuest Company,0,562,0,0,0,"2,188",0,0,0,"1,715",0,0,0,"1,555",0,0,0,327,0,0,0,458,0,0,0,377,0,0,0,277,0,0,0,824,0,0,0,"1,532",0,0,0,"1,634",0,0,0,399,0,0,0,181,0,0,0,"12,029",0,0
Canadian Business & Current Affairs Database,ProQuest Company,0,562,0,0,0,"2,187",0,0,0,"1,711",0,0,0,"1,555",0,0,0,327,0,0,0,458,0,0,0,377,0,0,0,277,0,0,0,824,0,0,0,"1,533",0,0,0,"1,634",0,0,0,399,0,0,0,181,0,0,0,"12,025",0,0
Canadian Newsstream,ProQuest Company,0,562,26,28,0,"2,187",92,102,0,"1,711",90,100,0,"1,555",88,95,0,327,24,24,0,458,31,33,0,377,37,39,0,277,4,4,0,824,41,42,0,"1,532",59,66,0,"1,634",112,124,0,399,34,35,0,181,1,1,0,"12,024",639,693
Career & Technical Education Database,ProQuest Company,0,562,0,0,0,"2,316",0,0,0,"1,736",0,0,0,"1,594",0,0,0,329,0,0,0,464,0,0,0,377,0,0,0,277,0,0,0,911,0,0,0,"1,837",0,0,0,"1,723",0,0,0,405,0,0,0,192,0,0,0,"12,723",0,0
Chadwyck-Healey (all sources),Chadwyck-Healey,6,4,3,3,11,12,6,6,2,0,0,0,0,0,0,0,0,0,0,0,0,0,0,0,0,0,0,0,0,0,0,0,0,0,0,0,0,0,0,0,0,0,0,0,0,0,0,0,0,0,0,0,19,16,9,9
CINAHL Plus with Full Text,EBSCOhost,13,1,3,15,30,20,21,61,42,5,26,71,22,5,15,38,6,5,5,13,10,5,6,22,5,0,3,8,0,0,0,0,3,0,5,11,40,60,37,86,63,243,73,217,49,86,39,126,0,0,0,0,283,430,233,668
Computer Science Database,ProQuest Company,0,562,0,0,0,"2,187",1,1,0,"1,763",52,73,0,"1,555",2,2,0,327,0,0,0,458,0,0,0,378,1,1,0,277,0,0,0,846,8,9,0,"1,535",7,7,0,"1,634",1,1,0,399,0,0,0,181,0,0,0,"12,102",72,94
Consumer Health Database,ProQuest Company,0,562,5,5,0,"2,190",9,12,0,"1,711",11,11,0,"1,566",19,20,0,327,6,7,0,459,1,2,0,377,2,2,0,277,0,0,0,833,29,32,0,"1,536",5,5,0,"1,649",9,12,0,405,5,6,0,184,0,0,0,"12,076",101,114
Continental Europe Database,ProQuest Company,0,564,0,0,0,"2,187",0,0,0,"1,711",0,0,0,"1,555",0,0,0,327,0,0,0,458,0,0,0,377,0,0,0,277,1,1,0,824,0,2,0,"1,532",1,1,0,"1,635",1,1,0,399,0,0,0,181,0,0,0,"12,027",3,5
CQ Magazine,CQ Press,0,0,0,0,0,0,0,0,0,0,0,0,0,0,0,0,0,0,0,0,0,0,0,0,0,0,0,0,0,0,0,0,0,0,0,0,0,0,0,0,0,0,0,0,0,0,0,0,0,0,0,0,0,0,0,0
CQ Researcher,CQ Press,0,0,0,0,0,0,21,21,0,0,7,7,0,0,1,1,0,0,0,0,0,0,22,22,0,0,3,3,0,0,0,0,0,0,3,3,0,0,47,47,0,0,70,70,0,0,39,39,0,0,0,0,0,0,213,213
Credo Reference,Credo,18,30,31,31,68,68,149,149,27,17,39,39,22,9,40,40,7,4,10,10,32,16,51,51,10,0,13,13,6,5,12,12,22,24,32,32,43,7,72,72,22,7,28,28,6,1,5,5,5,0,5,5,288,188,487,487
Criminal Justice Database,ProQuest Company,0,568,23,27,0,"2,202",155,199,0,"1,711",77,86,0,"1,555",139,188,0,327,22,24,0,458,8,13,0,377,22,23,0,279,31,39,0,824,28,33,0,"1,532",72,98,0,"1,635",61,76,0,399,26,27,0,181,18,20,0,"12,048",682,853
Cypress Resume,Cypress,0,0,0,0,0,0,1,1,0,0,0,0,0,0,0,0,0,0,2,2,0,0,0,0,0,0,0,0,0,0,0,0,0,0,0,0,0,0,1,1,0,0,0,0,0,0,0,0,0,0,0,0,0,0,4,4
Digital Sanborn Maps (1867-1970) for North Carolina,Sanborn Maps,0,0,0,0,0,0,0,0,0,0,0,0,0,0,0,0,0,0,0,0,0,0,0,0,0,0,0,0,0,0,0,0,0,0,0,0,0,0,0,0,0,0,0,0,0,0,0,0,0,0,0,0,0,0,0,0
"Earth, Atmospheric & Aquatic Science Database",ProQuest Company,0,562,1,1,0,"2,187",2,2,0,"1,711",1,1,0,"1,556",6,6,0,327,5,5,0,458,0,0,0,377,1,1,0,277,0,0,0,824,1,1,0,"1,532",4,5,0,"1,634",0,0,0,399,0,0,0,181,0,0,0,"12,025",21,22
East & South Asia Database,ProQuest Company,0,562,0,0,0,"2,187",1,1,0,"1,711",0,0,0,"1,555",0,0,0,327,0,0,0,458,0,0,0,377,3,3,0,277,0,0,0,824,1,1,0,"1,532",0,0,0,"1,634",6,11,0,399,0,0,0,181,0,0,0,"12,024",11,16
"East Europe, Central Europe Database",ProQuest Company,0,562,4,4,0,"2,187",7,7,0,"1,711",7,7,0,"1,555",0,0,0,327,0,0,0,458,1,1,0,377,2,2,0,277,0,0,0,824,4,5,0,"1,532",0,0,0,"1,634",7,8,0,399,2,2,0,181,0,0,0,"12,024",34,36
Ebook Central Academic and Public Library Complete,ProQuest Company,0,0,49,49,0,0,183,183,0,0,181,181,0,0,324,324,0,0,72,72,0,0,300,300,0,0,77,77,0,0,33,33,0,0,192,192,0,0,209,209,0,0,234,234,0,0,129,129,0,0,31,31,0,0,"2,014","2,014"
Ebooks on EBSCOhost,EBSCOhost,33,12,17,53,78,42,47,132,36,22,23,61,39,25,25,62,28,10,17,52,22,16,13,31,9,2,5,14,7,10,4,11,20,10,11,33,35,10,23,61,40,28,23,78,31,39,20,78,38,100,33,108,416,326,261,774
Education Database,ProQuest Company,0,563,45,47,0,"2,190",318,354,0,"1,711",215,266,0,"1,559",236,255,0,327,34,34,0,459,111,131,0,377,62,66,0,279,11,11,0,827,158,167,0,"1,535",218,238,0,"1,634",269,319,0,399,76,84,0,181,32,33,0,"12,041","1,785","2,005"
eLibrary,ProQuest Company,0,138,1,7,0,387,13,17,0,405,13,14,0,432,3,3,0,114,1,1,0,117,1,2,0,114,6,9,0,66,3,3,0,203,21,26,0,366,20,26,0,461,20,31,0,88,11,13,0,35,2,3,0,"2,926",115,155
Engineering Database,ProQuest Company,0,562,1,1,0,"2,187",13,20,0,"1,711",12,14,0,"1,555",10,10,0,327,10,10,0,459,7,7,0,377,1,2,0,277,0,0,0,824,8,10,0,"1,533",14,20,0,"1,634",4,8,0,399,2,2,0,181,0,0,0,"12,026",82,104
English Poetry,ProQuest Company,0,0,0,0,0,0,0,0,0,0,0,0,0,405,0,0,0,113,0,0,0,117,3,4,0,114,0,0,0,65,0,0,0,202,2,3,0,362,0,0,0,454,1,1,0,88,0,0,0,35,0,0,0,"1,955",6,8
Entrepreneurship Database,ProQuest Company,0,138,0,0,0,379,0,0,0,404,0,0,0,431,3,3,0,113,2,3,0,117,0,0,0,114,2,2,0,65,0,0,0,201,2,2,0,362,4,5,0,454,1,1,0,88,2,2,0,35,0,0,0,"2,901",16,18
Faber Poetry Library,ProQuest Company,0,0,0,0,0,0,0,0,0,0,0,0,0,431,0,0,0,113,0,0,0,117,0,0,0,114,0,0,0,65,0,0,0,201,0,0,0,363,0,0,0,454,0,0,0,88,0,0,0,35,0,0,0,"1,981",0,0
Ferguson's Career Guidance Center,Infobase,0,0,0,0,0,562,454,820,0,104,86,172,0,50,56,110,0,0,1,1,0,0,0,0,0,0,0,0,0,0,0,0,0,89,85,85,0,0,0,0,0,0,0,0,0,6,5,5,0,3,3,3,0,814,690,"1,196"
Films on Demand Video Collection,Infobase,0,146,198,258,0,230,196,258,0,312,352,422,0,86,94,116,0,92,96,149,0,125,96,147,0,55,68,102,0,21,6,6,0,142,164,164,0,72,98,98,0,72,98,98,0,86,55,115,0,32,47,70,0,"1,471","1,568","2,003"
Gale Ebooks,Gale,0,103,3,3,0,102,1,1,0,18,0,0,0,44,3,3,0,1,0,0,0,10,0,0,0,7,0,0,0,0,2,2,0,0,0,0,0,0,6,6,0,10,4,4,0,0,0,0,0,0,0,0,0,295,19,19
Gale in Context: Biography,Gale,0,0,0,0,0,0,0,0,0,0,0,0,0,0,0,0,0,0,0,0,0,0,0,0,0,0,0,0,0,0,0,0,0,0,0,0,0,0,0,0,0,0,0,0,0,0,0,0,0,3,2,2,0,3,2,2
Gale in Context: Science,Gale,0,14,9,9,0,10,19,19,0,0,11,11,0,13,11,11,0,4,11,11,0,16,22,22,0,0,0,0,0,15,5,5,0,0,6,6,0,6,4,4,0,3,15,15,0,0,3,3,0,0,0,0,0,81,116,116
Gale Literary Sources,Gale,0,0,0,0,0,0,0,0,0,0,0,0,0,0,0,0,0,0,0,0,0,0,0,0,0,0,0,0,0,0,0,0,0,0,0,0,0,0,0,0,0,0,0,0,0,0,0,0,0,0,0,0,0,0,0,0
Gale Literature Resource Center,Gale,0,0,0,0,0,0,0,0,0,0,0,0,0,0,0,0,0,0,0,0,0,0,0,0,0,0,0,0,0,0,0,0,0,0,0,0,0,0,0,0,0,0,0,0,0,0,0,0,0,5,8,8,0,5,8,8
Global Breaking Newswires,ProQuest Company,0,562,1,2,0,"2,187",6,9,0,"1,711",5,5,0,"1,555",6,6,0,327,0,0,0,458,0,0,0,377,7,8,0,277,1,1,0,824,0,0,0,"1,532",1,1,0,"1,634",2,2,0,399,2,2,0,181,0,0,0,"12,024",31,36
Health & Medical Collection,ProQuest Company,0,565,246,257,0,"2,211",722,813,0,"1,723","1,600","1,800",0,"1,557","1,113","1,224",0,335,271,286,0,459,368,398,0,379,185,200,0,278,41,44,0,826,236,258,0,"1,538",751,874,0,"1,639",738,830,0,400,121,127,0,185,55,64,0,"12,095","6,447","7,175"
Healthcare Administration Database,ProQuest Company,0,563,1,1,0,"2,200",4,4,0,"1,711",9,9,0,"1,557",3,3,0,327,0,0,0,458,5,5,0,377,0,0,0,278,0,0,0,826,2,2,0,"1,535",12,12,0,"1,634",10,15,0,399,0,0,0,184,0,0,0,"12,049",46,51
HeritageQuest,HeritageQuest,0,0,0,0,3,193,58,58,0,0,0,0,0,0,0,0,0,0,0,0,1,89,232,232,0,0,0,0,1,26,3,3,2,10,3,3,1,1,0,0,0,0,0,0,0,0,0,0,0,0,0,0,8,319,296,296
Historic North Carolina Digital Newspaper Collection,ProQuest Company,0,22,0,16,0,0,0,0,0,0,0,0,0,0,0,0,0,0,0,0,0,1,0,0,0,0,0,0,0,0,0,0,0,0,0,0,0,0,0,0,0,0,0,0,0,0,0,0,0,0,0,0,0,23,0,16
HomeGrown Ebooks Collection,BiblioLabs,0,0,0,1,0,7,9,19,0,4,18,41,0,4,8,23,0,0,1,4,0,9,1,4,0,0,1,3,0,0,0,0,0,36,13,62,0,11,12,28,0,33,14,52,0,3,1,3,0,1,0,3,0,108,78,243
hoopla Audiobooks,Midwest Tapes (hoopla),0,0,0,0,0,0,0,0,0,0,0,0,0,0,0,0,0,0,0,0,0,0,0,0,0,0,0,0,0,0,0,0,0,0,0,0,0,0,0,0,0,0,0,0,0,0,0,0,0,0,0,0,0,0,0,0
hoopla Ebooks,Midwest Tapes (hoopla),0,0,0,0,0,0,0,0,0,0,0,0,0,0,0,0,0,0,0,0,0,0,0,0,0,0,0,0,0,0,0,0,0,0,0,0,0,0,0,0,0,0,0,0,0,0,0,0,0,0,0,0,0,0,0,0
India Database,ProQuest Company,0,562,0,0,0,"2,187",0,0,0,"1,711",0,0,0,"1,555",0,0,0,327,0,0,0,458,0,0,0,377,0,0,0,277,0,0,0,824,0,0,0,"1,532",0,0,0,"1,634",0,0,0,399,0,0,0,181,0,0,0,"12,024",0,0
International Newsstream,ProQuest Company,0,562,0,0,0,"2,187",0,0,0,"1,711",0,0,0,"1,556",0,0,0,328,0,0,0,458,0,0,0,377,0,0,0,277,0,0,0,824,0,0,0,"1,533",0,0,0,"1,635",0,0,0,399,0,0,0,181,0,0,0,"12,028",0,0
Just for Kids Streaming Collection,Infobase,0,0,0,0,0,0,0,0,0,0,0,0,0,0,0,0,0,0,0,0,0,0,0,0,0,0,0,0,0,0,0,0,0,0,0,0,0,0,0,0,0,0,0,0,0,0,0,0,0,0,0,0,0,0,0,0
Latin America & Iberia Database,ProQuest Company,0,563,3,3,0,"2,187",11,11,0,"1,711",3,3,0,"1,555",4,4,0,327,0,0,0,458,5,7,0,377,0,0,0,277,0,0,0,824,0,0,0,"1,532",5,5,0,"1,635",1,2,0,399,0,0,0,181,0,0,0,"12,026",32,35
LearningExpress Library Complete and PrepSTEP Academic,LearningExpress,0,0,0,0,0,0,0,0,0,0,0,0,0,0,0,0,0,0,0,0,0,0,0,0,0,0,0,0,0,0,0,0,0,0,0,0,0,0,0,0,0,0,0,0,0,0,0,0,0,0,0,0,0,0,0,0
Library Science Database,ProQuest Company,0,562,11,13,0,"2,187",52,58,0,"1,711",12,17,0,"1,555",23,24,0,327,6,6,0,458,13,14,0,377,4,4,0,277,0,0,0,824,13,17,0,"1,532",22,25,0,"1,634",20,23,0,399,7,7,0,181,0,0,0,"12,024",183,208
Linguistics Database,ProQuest Company,0,562,0,0,0,"2,187",3,3,0,"1,711",0,0,0,"1,555",0,0,0,327,0,0,0,458,0,0,0,377,0,0,0,277,1,1,0,824,3,3,0,"1,532",0,0,0,"1,634",2,2,0,399,0,0,0,181,1,1,0,"12,024",10,10
Mango Languages,Mango Languages,0,0,138,138,0,0,140,140,0,0,67,67,0,0,41,41,0,0,23,23,0,0,13,13,0,0,17,17,0,0,2,2,0,0,13,13,0,0,9,9,0,0,20,20,0,0,6,6,0,0,0,0,0,0,489,489
MasterFILE Premier,EBSCOhost,15,1,14,28,47,7,44,88,25,3,26,53,34,18,43,91,4,0,5,9,21,10,16,37,10,7,17,30,1,0,0,1,16,3,15,28,11,1,4,13,10,33,21,45,7,0,5,13,1,1,0,0,202,84,210,436
Materials Science Database,ProQuest Company,0,562,1,1,0,"2,187",11,15,0,"1,711",4,7,0,"1,555",2,2,0,327,1,1,0,458,2,2,0,377,10,10,0,277,0,0,0,824,1,1,0,"1,532",3,3,0,"1,634",2,2,0,399,0,0,0,181,0,0,0,"12,024",37,44
Middle East & Africa Database,ProQuest Company,0,562,0,0,0,"2,187",0,0,0,"1,711",2,2,0,"1,555",7,7,0,331,1,1,0,458,5,6,0,377,0,0,0,277,1,1,0,824,0,0,0,"1,532",2,3,0,"1,634",1,1,0,399,1,1,0,181,0,0,0,"12,028",20,22
Military Database,ProQuest Company,0,562,19,21,0,"2,187",92,99,0,"1,711",107,115,0,"1,555",72,81,0,328,14,17,0,458,26,35,0,377,25,27,0,278,16,16,0,824,39,51,0,"1,532",69,82,0,"1,634",55,60,0,399,23,27,0,181,11,13,0,"12,026",568,644
Morningstar Investment Research Center,Morningstar,0,0,0,0,0,0,0,0,3,0,9,9,3,0,12,12,1,0,3,3,0,0,0,0,1,0,4,4,1,0,1,1,14,0,196,196,2,0,6,6,2,0,15,15,11,0,98,98,0,0,0,0,38,0,344,344
New York Times,ProQuest Company,0,566,18,20,0,"2,188",72,78,0,"1,713",32,37,0,"1,555",47,49,0,327,5,6,0,462,24,29,0,377,14,15,0,277,1,1,0,824,34,36,0,"1,542",35,42,0,"1,658",58,60,0,401,21,21,0,184,28,28,0,"12,074",389,422
North American Women's Letters and Diaries,Alexander Street Press,0,0,0,0,2,0,3,3,0,0,0,0,1,0,0,0,0,0,0,0,0,0,0,0,0,0,0,0,0,0,0,0,0,0,0,0,0,0,0,0,0,0,0,0,0,0,0,0,0,0,0,0,3,0,3,3
NoveList Plus,EBSCOhost,0,0,0,0,0,0,0,0,0,0,0,0,0,0,0,0,0,0,0,0,0,0,0,0,0,0,0,0,0,0,0,0,0,0,0,0,0,0,0,0,1,1,0,1,0,0,0,0,0,0,0,0,1,1,0,1
Nursing & Allied Health Database,ProQuest Company,0,591,34,36,0,"2,288",85,93,0,"1,926",418,457,0,"1,679",237,252,0,366,40,63,0,508,69,80,0,422,79,84,0,285,48,49,0,891,78,88,0,"1,632",129,149,0,"1,896",269,303,0,461,73,90,0,196,4,9,0,"13,141","1,563","1,753"
Political Science Database,ProQuest Company,0,568,32,39,0,"2,199",49,52,0,"1,711",41,42,0,"1,555",48,52,0,327,6,8,0,458,9,10,0,377,3,3,0,278,3,3,0,824,20,22,0,"1,534",29,37,0,"1,639",35,38,0,399,16,16,0,189,7,8,0,"12,058",298,330
ProQuest Central,ProQuest Company,0,565,0,0,0,"2,198",0,0,0,"1,711",0,0,0,"1,557",0,0,0,328,0,0,0,459,0,0,0,382,0,0,0,279,0,0,0,827,0,0,0,"1,537",0,0,0,"1,639",0,0,0,400,0,0,0,187,0,0,0,"12,069",0,0
ProQuest Research Library,ProQuest Company,0,0,0,0,0,0,0,0,0,0,0,0,0,0,0,0,0,0,0,0,0,0,0,0,0,0,0,0,0,0,0,0,0,0,0,0,0,0,0,0,0,0,0,0,0,0,0,0,0,0,0,0,0,0,0,0
ProQuest unique searches,ProQuest Company,0,848,0,0,0,"3,030",0,0,0,"2,353",0,0,0,"1,984",0,0,0,476,0,0,0,662,0,0,0,512,0,0,0,305,0,0,0,"1,208",0,0,0,"2,341",0,0,0,"2,393",0,0,0,704,0,0,0,277,0,0,0,"17,093",0,0
Psychology Database,ProQuest Company,0,568,33,36,0,"2,197",78,99,0,"1,722",115,143,0,"1,556",103,127,0,327,14,16,0,459,23,28,0,379,38,40,0,280,6,6,0,837,65,83,0,"1,535",113,133,0,"1,635",122,143,0,399,34,44,0,183,17,18,0,"12,077",761,916
Public Health Database,ProQuest Company,0,563,4,4,0,"2,211",16,21,0,"1,711",18,22,0,"1,555",12,13,0,327,4,4,0,458,2,2,0,377,0,0,0,277,0,0,0,825,1,1,0,"1,534",4,5,0,"1,634",17,20,0,401,3,4,0,184,0,0,0,"12,057",81,96
RBdigital Audiobooks,RBDigital,0,0,1,1,0,0,0,0,0,0,1,1,0,0,0,0,0,0,0,0,0,0,0,0,0,0,0,0,0,0,0,0,0,0,2,2,0,0,0,0,0,0,0,0,0,0,0,0,0,0,0,0,0,0,4,4
RBdigital Ebooks,RBDigital,0,0,0,0,0,0,0,0,0,0,0,0,0,0,0,0,0,0,0,0,0,0,0,0,0,0,0,0,0,0,0,0,0,0,0,0,0,0,0,0,0,0,1,1,0,0,0,0,0,0,0,0,0,0,1,1
ReferenceUSA (now Data-Axle Reference Solutions),Data-Axle,7,0,0,0,3,7,13,13,1,7,5,5,4,0,0,0,0,0,0,0,7,52,7,7,3,16,1,1,0,0,0,0,1,6,2,2,0,0,0,0,1,1,1,1,2,2,1,1,0,0,0,0,29,91,30,30
Religion Database,ProQuest Company,0,562,12,13,0,"2,187",67,79,0,"1,711",45,48,0,"1,556",60,64,0,327,34,36,0,460,31,33,0,377,11,11,0,278,15,16,0,825,46,52,0,"1,534",62,75,0,"1,635",57,66,0,399,14,14,0,181,36,44,0,"12,032",490,551
Science Database,ProQuest Company,0,562,14,16,0,"2,209",104,109,0,"1,712",102,112,0,"1,555",77,79,0,327,9,10,0,458,9,9,0,377,15,15,0,278,2,3,0,830,14,17,0,"1,547",63,68,0,"1,639",32,34,0,399,5,6,0,184,2,3,0,"12,077",448,481
SimplyAnalytics,SimplyAnalytics,8,36,8,8,4,43,14,14,5,98,13,13,0,0,0,0,0,0,0,0,0,0,0,0,0,0,0,0,0,0,0,0,1,0,0,0,0,0,0,0,0,0,0,0,0,0,0,0,0,0,0,0,18,177,35,35
SIRS Discoverer,ProQuest Company,0,4,0,0,0,380,1,1,0,405,5,7,0,431,1,1,0,113,0,0,0,118,3,4,0,114,0,0,0,65,0,0,0,201,2,2,0,362,11,11,0,454,7,9,0,88,0,0,0,35,2,2,0,"2,770",32,37
SIRS Issues Researcher,ProQuest Company,0,31,75,76,0,419,102,105,0,448,167,167,0,470,107,107,0,133,24,24,0,141,83,85,0,114,1,1,0,65,1,1,0,209,67,67,0,408,51,51,0,566,223,224,0,195,112,115,0,37,2,2,0,"3,236","1,015","1,025"
Social Science Database,ProQuest Company,0,563,24,26,0,"2,213",139,162,0,"1,714",123,138,0,"1,555",140,163,0,335,26,30,0,459,19,21,0,377,24,27,0,279,6,6,0,824,51,61,0,"1,532",67,75,0,"1,635",91,102,0,405,31,33,0,181,15,17,0,"12,072",756,861
Sociology Database,ProQuest Company,0,570,7,7,0,"2,242",76,81,0,"1,725",21,22,0,"1,562",22,24,0,341,14,14,0,489,21,24,0,377,1,1,0,279,1,1,0,833,14,14,0,"1,532",7,9,0,"1,663",20,21,0,405,7,10,0,182,0,0,0,"12,200",211,228
Statistical Abstract of the United States,ProQuest Company,0,0,0,0,0,0,0,0,0,0,0,0,0,0,0,0,0,0,0,0,0,0,0,0,0,0,0,0,0,0,0,0,0,0,0,0,0,0,0,0,0,0,0,0,0,0,0,0,0,0,0,0,0,0,0,0
Telecommunications Database,ProQuest Company,0,563,0,0,0,"2,187",1,2,0,"1,711",4,6,0,"1,555",2,2,0,327,0,0,0,458,2,2,0,377,0,0,0,277,0,0,0,824,0,0,0,"1,532",2,2,0,"1,634",0,0,0,399,0,0,0,181,0,0,0,"12,025",11,14
Testing & Education Reference Center,Gale,68,0,17,17,52,0,15,15,37,0,3,3,6,0,0,0,1,0,1,1,1,0,0,0,0,0,0,0,0,0,0,0,1,0,0,0,13,0,7,7,3,0,3,3,0,0,0,0,0,0,0,0,182,0,46,46
Transparent Language Online,Transparent Language,0,0,0,0,0,0,0,0,0,0,0,0,0,0,0,0,0,0,0,0,0,0,0,0,0,0,0,0,0,0,0,0,0,0,0,0,0,0,0,0,0,0,0,0,0,0,0,0,2,0,0,0,2,0,0,0
Turkey Database,ProQuest Company,0,562,0,0,0,"2,187",0,0,0,"1,711",0,0,0,"1,555",0,0,0,327,0,0,0,458,0,0,0,377,0,0,0,277,0,0,0,824,0,0,0,"1,532",0,0,0,"1,634",0,0,0,399,0,0,0,181,0,0,0,"12,024",0,0
Twentieth-Century African American Poetry,ProQuest Company,0,0,0,0,0,0,0,0,0,0,0,0,0,431,0,0,0,113,0,0,0,117,0,0,0,114,0,0,0,65,0,0,0,201,0,0,0,362,0,0,0,454,0,0,0,88,0,0,0,35,0,0,0,"1,980",0,0
Twentieth-Century American Poetry,ProQuest Company,0,0,0,0,0,0,0,0,0,0,0,0,0,431,0,0,0,113,0,0,0,117,0,0,0,114,0,0,0,65,0,0,0,201,0,0,0,362,0,0,0,454,1,1,0,88,0,0,0,38,4,4,0,"1,983",5,5
Twentieth-Century English Poetry,ProQuest Company,0,0,0,0,0,0,0,0,0,0,0,0,0,431,0,0,0,113,0,0,0,117,2,2,0,114,0,0,0,65,0,0,0,201,0,0,0,362,0,0,0,454,0,0,0,88,0,0,0,35,0,0,0,"1,980",2,2
UK & Ireland Database,ProQuest Company,0,562,0,0,0,"2,187",7,7,0,"1,711",7,7,0,"1,555",23,23,0,327,0,0,0,458,0,0,0,377,3,3,0,277,0,0,0,824,1,1,0,"1,532",1,1,0,"1,634",3,4,0,399,0,0,0,181,0,0,0,"12,024",45,46
US Newsstream,ProQuest Company,0,566,0,0,0,"2,188",0,0,0,"1,713",0,0,0,"1,556",0,0,0,328,0,0,0,462,0,0,0,377,0,0,0,277,0,0,0,824,0,0,0,"1,542",0,0,0,"1,659",0,0,0,402,0,0,0,184,0,0,0,"12,078",0,0
Wall Street Journal,ProQuest Company,0,0,0,0,0,0,0,0,0,0,0,0,0,0,0,0,0,0,0,0,0,0,0,0,0,0,0,0,0,0,0,0,0,0,0,0,0,0,0,0,0,0,0,0,0,0,0,0,0,0,0,0,0,0,0,0
Monthly Totals* (see federated search note),,194,"1,274","1,231","1,507",439,"4,584","4,292","5,720",189,"2,963","4,404","5,183",135,"2,248","3,531","4,027",47,592,847,"1,012",102,"1,033","1,751","1,992",40,599,801,905,18,383,267,291,114,"1,645","1,947","2,268",249,"2,851","2,789","3,516",173,"2,864","3,061","3,688",107,928,"1,073","1,354",46,422,378,512,"1,853","22,386","26,372","31,975"
,,,,,,,,,,,,,,,,,,,,,,,,,,,,,,,,,,,,,,,,,,,,,,,,,,,,,,,,,
,,,,,,,,,,,,,,,,,,,,,,,,,,,,,,,,,,,,,,,,,,,,,,,,,,,,,,,,,
Notes,,,,,,,,,,,,,,,,,,,,,,,,,,,,,,,,,,,,,,,,,,,,,,,,,,,,,,,,,
For more information on these statistics:,,,,,,,,,,,,,,,,,,,,,,,,,,,,,,,,,,,,,,,,,,,,,,,,,,,,,,,,,
--Data Definitions:, https://www.nclive.org/librarystaff/usage-reports/data-definitions ,,,,,,,,,,,,,,,,,,,,,,,,,,,,,,,,,,,,,,,,,,,,,,,,,,,,,,,,
--Usage statistics FAQs:, https://www.nclive.org/librarystaff/usage-reports/faq ,,,,,,,,,,,,,,,,,,,,,,,,,,,,,,,,,,,,,,,,,,,,,,,,,,,,,,,,
,,,,,,,,,,,,,,,,,,,,,,,,,,,,,,,,,,,,,,,,,,,,,,,,,,,,,,,,,
*Federated search note,,,,,,,,,,,,,,,,,,,,,,,,,,,,,,,,,,,,,,,,,,,,,,,,,,,,,,,,,
Search totals for vendors with federated searches across multiple databases would overcount usage and totals are therefore excluded. Details by vendor:,,,,,,,,,,,,,,,,,,,,,,,,,,,,,,,,,,,,,,,,,,,,,,,,,,,,,,,,,
"**ProQuest: Do not total searches across ProQuest databases. This number is the total of ""ProQuest unique searches"". This de-duplicates searches across ProQuest products.",,,,,,,,,,,,,,,,,,,,,,,,,,,,,,,,,,,,,,,,,,,,,,,,,,,,,,,,,
It also includes databases which the vendor reports separately:,,,,,,,,,,,,,,,,,,,,,,,,,,,,,,,,,,,,,,,,,,,,,,,,,,,,,,,,,
SIRS Knowledge Source Package,,,,,,,,,,,,,,,,,,,,,,,,,,,,,,,,,,,,,,,,,,,,,,,,,,,,,,,,,
Statistical Abstract of the United States,,,,,,,,,,,,,,,,,,,,,,,,,,,,,,,,,,,,,,,,,,,,,,,,,,,,,,,,,
,,,,,,,,,,,,,,,,,,,,,,,,,,,,,,,,,,,,,,,,,,,,,,,,,,,,,,,,,
**Bibliolabs: Home Grown search totals used as total for vendor.,,,,,,,,,,,,,,,,,,,,,,,,,,,,,,,,,,,,,,,,,,,,,,,,,,,,,,,,,
